STN code,Monitoring Location,Year,Type Water Body,State Name,Temperature (C) - Min,Temperature (C) - Max,Dissolved - Min,Dissolved - Max,pH - Min,pH - Max,Conductivity (mho/cm) - Min,Conductivity (mho/cm) - Max,BOD (mg/L) - Min,BOD (mg/L) - Max,NitrateN (mg/L) - Min,NitrateN (mg/L) - Max,Fecal Coliform (MPN/100ml) - Min,Fecal Coliform (MPN/100ml) - Max,Total Coliform (MPN/100ml) - Min,Total Coliform (MPN/100ml) - Max,Fecal - Min,Fecal - Max
2401.0,RIVER AJAY AT MASANJORE DAM,2022.0,RIVER,JHARKHAND,17.0,36.0,5.8,6.6,7.5,7.8,94,318.0,1.3,1.6,0.42,1.8,21.5,170.0,75.0,910.0,13.0,210.0
1510.0,RIVER TONS AT TIUNI (HIMACHAL PRADESH/UTTRA KHAND BORDER),2022.0,RIVER,HIMACHAL PRADESH,8.0,24.0,7.1,9.0,7.52,8.14,55,1000.0,1.8,2.6,0.37,1.9,2.0,33.0,7.8,920.0,13.0,2.0
30023.0,RIVER TONS AT HARIPUR (U.K.),2022.0,RIVER,UTTARAKHAND,14.0,23.5,8.7,9.4,8.1,8.5,158,290.0,1.8,2.6,0.32,0.52,4.0,21000.0,13.0,79000.0,2.0,210.0
4027.0,RIVER GIRI D/S RAJGARH TOWN,2022.0,RIVER,HIMACHAL PRADESH,21.0,26.0,7.5,8.3,7.55,8.27,277,557.0,1.8,2.6,0.32,1.19,26.0,40.0,130.0,210.0,13.0,210.0
4028.0,"RIVER GIRI D/S KALGIDHAR TRUST, BARU SAHIB",2022.0,RIVER,HIMACHAL PRADESH,20.0,27.0,7.4,8.2,7.79,8.25,275,687.0,1.8,2.6,0.32,1.23,26.0,39.0,130.0,280.0,13.0,210.0
4427.0,RIVER GIRI U/S CHAILLA,2022.0,RIVER,HIMACHAL PRADESH,7.0,23.0,7.0,8.6,7.23,8.18,61,1553.0,1.8,2.6,0.37,2.36,4.0,17.0,6.8,1600.0,13.0,210.0
2621.0,RIVER GIRI AT D/S YASHWANT NAGAR AFTER CONF. WITH ASHWANI KHAD AT YASHWANT NAGAR- NEAR SHANI MANDIR,2022.0,RIVER,HIMACHAL PRADESH,8.0,16.0,6.9,8.6,7.54,8.3,181,646.0,1.8,2.6,1.01,12.12,2.0,1600.0,26.0,1600.0,13.0,210.0
3876.0,RIVER GIRI AFTER CONFLUENCE OF ASHWANI RIVER AT VILLAGE MARYOG,2022.0,RIVER,HIMACHAL PRADESH,7.0,18.0,7.5,8.9,7.54,8.48,164,750.0,1.8,2.6,0.89,7.49,2.0,79.0,21.0,1600.0,13.0,210.0
2622.0,RIVER GIRI AT U/S CCI MINES AT VILLAGE NADI,2022.0,RIVER,HIMACHAL PRADESH,20.0,27.0,6.9,8.2,7.77,8.32,310,1079.0,1.8,2.6,0.32,0.85,13.0,33.0,40.0,170.0,13.0,210.0
2623.0,RIVER GIRI D/S SATAUN,2022.0,RIVER,HIMACHAL PRADESH,19.0,27.0,7.4,8.1,7.64,8.29,334,1065.0,1.8,2.6,0.32,1.0,14.0,39.0,40.0,220.0,13.0,210.0
3877.0,RIVER GIRI U/S LWSS AT SAINJ,2022.0,RIVER,HIMACHAL PRADESH,8.0,24.0,6.8,8.5,7.38,8.13,49,1612.0,1.8,2.6,0.37,2.82,4.0,39.0,14.0,1600.0,13.0,210.0
3878.0,RIVER GIRI D/S LWSS AT SAINJ,2022.0,RIVER,HIMACHAL PRADESH,8.0,23.0,6.9,8.5,7.37,8.17,59,1602.0,1.8,2.6,0.32,5.57,9.0,27.0,17.0,1600.0,13.0,210.0
3860.0,"RIVER GIRI D/S CEMENT CORPORATION OF INDIA, RAJBAN AT BANGRAN BRIDGE",2022.0,RIVER,HIMACHAL PRADESH,19.0,26.0,7.4,8.0,7.6,8.16,359,918.0,1.8,2.6,0.32,0.91,17.0,33.0,46.0,170.0,13.0,210.0
1614.0,"RIVER BETWA NEAR WATER SUPPLY INTAKE WELL , VIDISHA(M.P)",2022.0,RIVER,MADHYA PRADESH,17.0,32.0,4.7,12.4,6.96,8.25,149,710.0,1.4,5.0,2.88,10.44,3.0,70.0,120.0,350.0,13.0,210.0
2107.0,"RIVER BETWA AT U/S AT MAHUTA GHAT, AGASOD, BINA",2022.0,RIVER,MADHYA PRADESH,21.0,31.0,6.0,7.5,7.32,8.22,215,551.0,1.1,1.8,0.33,2.25,2.0,5.6,27.0,79.0,13.0,210.0
2108.0,"RIVER BETWA AT M/S J.P. THERMAL POWER, BINA",2022.0,RIVER,MADHYA PRADESH,21.0,31.0,6.1,7.8,7.36,8.32,216,566.0,1.1,1.9,0.34,2.11,2.0,2.0,26.0,63.0,13.0,210.0
2124.0,"RIVER BETWA AT CHARANTIRGHAT, VIDISHA",2022.0,RIVER,MADHYA PRADESH,5.0,32.0,5.0,13.6,7.32,8.86,164,1056.0,1.2,20.4,5.2,14.59,3.0,280.0,120.0,1600.0,13.0,210.0
2125.0,RIVER BETWA D/S AFTER MIXING OF RIVER BAIS AT VIDISHA,2022.0,RIVER,MADHYA PRADESH,18.0,32.0,5.5,13.3,7.08,8.27,154,1094.0,1.5,16.8,3.02,16.28,6.0,170.0,150.0,1600.0,13.0,210.0
3832.0,RIVER BETWA AT U/S NEAR ROAD BRIDGE ORCHHA,2022.0,RIVER,MADHYA PRADESH,22.0,30.0,6.6,7.5,7.28,8.38,199,532.0,1.1,2.1,0.32,0.53,21.5,170.0,22.0,84.0,13.0,210.0
30080.0,"RIVER BETWA AT KANJIA ROAD BRIDGE, KANJIA DIST.ASHOK NAGAR (M.P.)",2022.0,RIVER,MADHYA PRADESH,21.4,32.6,7.9,10.2,7.83,8.14,285,499.0,1.6,3.3,0.32,1.9,2000.0,22000.0,4500.0,790000.0,13.0,210.0
2953.0,"RIVER KALI SINDH AT ANICUT OF M/S CFCL GADEPAN, KOTA, RAJASTHAN",2022.0,RIVER,RAJASTHAN,21.0,34.0,3.7,5.6,7.98,8.46,390,808.0,1.2,2.2,0.83,2.62,33.0,84.0,75.0,220.0,23.0,38.0
2956.0,"RIVER KALI SINDH AT BAROD ROAD BRIDGE, KOTA, RAJASTHAN",2022.0,RIVER,RAJASTHAN,22.0,34.0,3.7,5.1,8.15,8.56,485,1445.0,1.2,2.1,1.71,2.97,23.0,84.0,64.0,210.0,14.0,25.0
2951.0,"RIVER BANAS BISULPUR DAM, TONK, RAJASTHAN",2022.0,RIVER,RAJASTHAN,17.0,32.0,3.7,6.2,8.1,8.55,525,819.0,1.1,2.1,0.84,3.43,49.0,110.0,110.0,280.0,17.0,32.0
2952.0,"RIVER NEAR NEWTA DAM,JAIPUR,RAJSTHAN",2022.0,RIVER,RAJASTHAN,18.0,31.0,1.6,2.9,7.97,8.82,1918,3040.0,3.3,5.4,2.58,6.56,130.0,240.0,430.0,540.0,13.0,210.0
2955.0,"RIVER CHAMBAL ENTERING IN RAJASTHAN AT GANDHI SAGAR DAM, RAWATBHATA,CHITTORGARH",2022.0,RIVER,RAJASTHAN,17.0,31.0,5.0,6.6,7.1,8.38,330,682.0,1.1,3.6,1.21,3.42,90.0,140.0,210.0,280.0,21.0,29.0
3309.0,"RIVER CHAMBAL AT TAL VILLAGE NEAR BRIDGE, UJJAIN",2022.0,RIVER,MADHYA PRADESH,22.0,30.0,6.4,7.7,7.26,8.05,192,2057.0,2.0,6.0,0.66,2.62,6.0,920.0,48.0,1600.0,2.0,2.0
4349.0,"SEA WATER, BAY OF BENGAL, AFTER CONFLUENCE OF MARINE OUTFALL OF M/S.AUROBINDO PHARMA LTD. PYDIBHEEMAVARAM (V), RANASTHALAM (M)",2022.0,MARINE,ANDHRA PRADESH,21.0,30.0,5.2,7.2,7.4,8.4,13800,57300.0,1.2,2.5,0.32,1.38,3.0,7.0,48.0,120.0,13.0,210.0
4352.0,"SEA WAER BAY OF BENGAL, AFTER CONFLUENCE OF MARINE OUTFALL OF M/S MATRIX LABORATORIES LTD THAMMAYYAPALEM (V) PUSAPATIREGA (M)",2022.0,MARINE,ANDHRA PRADESH,25.0,28.0,5.2,6.6,7.7,8.5,32200,56400.0,1.4,2.8,0.32,0.88,3.0,11.0,39.0,210.0,13.0,210.0
4357.0,"RUSHIKONDA BEACH,VISAKHAPATNAM",2022.0,BEACH,ANDHRA PRADESH,25.0,29.0,4.8,7.0,7.7,8.5,31700,55700.0,1.2,2.9,0.32,1.13,3.0,14.0,39.0,150.0,13.0,210.0
4361.0,"SEA WATER BAY BENGAL, UPPADA BEACH ROAD, KAKINADA",2022.0,BEACH,ANDHRA PRADESH,25.0,28.0,4.5,7.9,7.8,8.5,4800,51400.0,2.2,2.8,0.42,1.32,3.0,20.0,48.0,150.0,13.0,210.0
4362.0,"SEA WATER, BAY OF BENGAL NEAR DEEP WATER PORT, KAKINADA (1KM AWAY FROM JETTY)",2022.0,SEA,ANDHRA PRADESH,25.0,27.0,5.3,8.0,7.4,8.4,861,50300.0,2.2,3.9,0.82,3.32,4.0,23.0,75.0,460.0,13.0,210.0
4363.0,"SEA WATER BAY OF BENGAL NEAR KUMBHABHISHEKAM TEMPALE, KAKINADA",2022.0,SEA,ANDHRA PRADESH,24.0,26.0,5.7,7.5,7.1,8.2,481,47000.0,2.2,2.8,0.9,4.27,3.0,21.0,64.0,460.0,13.0,210.0
4371.0,"SEA WATER, BAY OF BENGAL AFTER CONFLUENCE OF RIVER VASHISTA GODAVARI AT CHINNAMAINAVARILANKA (V), NARSAPUR (M)",2022.0,MARINE,ANDHRA PRADESH,22.0,30.0,5.1,8.0,7.8,8.4,7300,51500.0,1.3,2.0,0.38,1.15,3.0,14.0,49.0,120.0,13.0,210.0
4378.0,"SEA WATER, BAY OF BENGAL, MANGINAPUDI BEACH, MACHILIPATNAM (V & M)",2022.0,BEACH,ANDHRA PRADESH,25.0,27.0,5.5,6.8,7.5,8.0,38200,58500.0,2.4,2.8,0.83,1.82,3.0,11.0,75.0,252.0,2.0,4.0
4383.0,"SEA WATER BAY OF BENGAL, FISHING HARBOUR, NIZAMPATNAM (V & M)",2022.0,MARINE,ANDHRA PRADESH,22.0,24.0,4.6,6.7,7.3,8.0,26000,56200.0,2.3,2.9,0.74,1.93,3.0,13.0,64.0,272.0,2.0,5.0
4385.0,"SEA WATER, BAY OF BENGAL, KOTHAPATNAM BEACH",2022.0,BEACH,ANDHRA PRADESH,22.0,26.0,5.1,6.6,7.5,8.3,33120,57680.0,2.3,2.8,0.72,1.81,3.0,18.0,64.0,354.0,2.0,6.0
4386.0,"SEA WATER, BAY OF BENGAL, VODAREVU BEACH, CHIRALA",2022.0,BEACH,ANDHRA PRADESH,22.0,25.0,5.4,6.7,7.6,8.1,32900,56900.0,2.6,2.9,0.72,1.66,3.0,10.0,75.0,210.0,2.0,5.0
4387.0,"SEA WATER, BAY OF BENGAL, KRISHNAPATNAM PORT",2022.0,MARINE,ANDHRA PRADESH,19.0,21.0,5.6,6.7,7.2,8.0,31200,52900.0,2.4,2.9,0.42,1.53,3.0,11.0,64.0,243.0,2.0,4.0
4013.0,TIRACOL BEACH,2022.0,BEACH,GOA,28.0,30.0,5.9,7.5,7.2,8.3,30500,52560.0,1.0,2.3,0.32,2.27,13.0,350.0,23.0,540.0,5.0,170.0
4014.0,MIRAMAR BEACH,2022.0,BEACH,GOA,28.0,32.0,5.9,7.6,7.7,8.5,8856,55850.0,1.0,2.0,0.32,0.38,79.0,350.0,110.0,540.0,23.0,94.0
4015.0,CALANGUTE BEACH,2022.0,BEACH,GOA,27.0,30.0,5.7,7.5,7.4,8.4,29950,53320.0,1.0,1.9,0.32,0.42,49.0,350.0,79.0,540.0,4.0,94.0
4016.0,MORJIM BEACH,2022.0,BEACH,GOA,28.0,30.0,5.5,7.3,7.3,8.7,15820,56510.0,1.0,2.1,0.32,0.32,13.0,220.0,23.0,280.0,8.0,110.0
3051.0,"BUDAMERU CANAL NEAR BDG AT NH-5, KEESARAPALLI (V), GANNAVARAM (M)",2023.0,CANAL,ANDHRA PRADESH,24.0,25.0,1.6,3.1,6.7,8.0,810,1100.0,9.0,23.0,2.7,7.9,120.0,260.0,1100.0,4900.0,11.0,11.0
4356.0,"ELERU CANAL, NEAR PHARMA CITY,THADI (V),PARAVADA (M)",2023.0,CANAL,ANDHRA PRADESH,25.0,30.0,4.5,6.5,7.3,8.3,275,75.0,1.1,2.8,0.3,0.9,3.0,21.0,75.0,460.0,2.0,2.0
4370.0,"KRISHNA CANAL AT HANUMAN NAGAR, NEAR SAIBABA TEMPLE, ELURU",2023.0,CANAL,ANDHRA PRADESH,22.0,28.0,4.2,8.4,7.5,8.0,132,120.0,1.2,2.8,0.3,2.9,7.0,21.0,120.0,460.0,13.0,210.0
2354.0,"SAMARLA KOTA CANAL,SAMARLA KOTA (V & M)",2023.0,CANAL,ANDHRA PRADESH,25.0,27.0,3.4,7.0,6.3,8.4,241,64.0,2.4,5.2,0.3,2.9,7.0,28.0,64.0,1100.0,4.0,4.0
4374.0,"GOSTTA NADI- VELPURU CANAL AT HANUMAN TEMPLE, DOWNSTREAM OF TANUKU TOWN, TANUKU",2023.0,CANAL,ANDHRA PRADESH,22.0,30.0,3.4,8.1,7.2,8.4,130,120.0,1.6,4.2,0.3,8.6,4.0,11.0,120.0,240.0,13.0,210.0
2265.0,"CANAL UP STREAM OF CUNCOLIM INDL.EST. CUNCOLIM, SALCETE (1 KM FROM M/S NICOMENT INDUSTRIES)",2023.0,CANAL,GOA,27.0,31.0,5.0,7.4,5.7,7.3,33,1400.0,1.0,1.7,0.3,0.8,1100.0,2200.0,1400.0,9200.0,140.0,140.0
2266.0,"CANAL DOWNSTREAM OF CUNCOLIM INDL.EST. CUNCOLIM, SALCETE (NEAR RAILWAY BRIDGE)",2023.0,CANAL,GOA,26.0,31.0,4.4,8.2,5.9,7.4,32,400.0,1.0,2.0,0.3,1.6,200.0,2700.0,400.0,7900.0,78.0,78.0
2268.0,CUMBARJUA CANAL CORLIM(DISCHARGE POINT OF SYNGENTA LIMITED),2023.0,CANAL,GOA,26.0,30.0,4.2,7.5,6.7,7.8,335,920.0,1.1,1.9,0.3,0.6,140.0,2700.0,920.0,3500.0,79.0,79.0
2073.0,"NARMADA MAIN CANAL, NR. VILLAGE. LIMBADIA, DIST. GANDHINAGAR,NARMADA CANAL AT LIMBADIYA",2023.0,CANAL,GUJARAT,27.0,33.0,4.8,7.6,7.4,8.3,212,4.0,1.0,1.3,0.3,1.3,2.0,2.0,4.0,21.0,13.0,210.0
5521.0,"NEAR AZARA RAILWAY STATION, GANAKPARA CHAKARDOI",2023.0,LAKE,ASSAM,23.0,34.0,5.1,9.6,6.6,8.0,236,302.0,3.5,5.8,1.3,2.1,2.0,1500.0,360.0,3500.0,2.0,490.0
5522.0,AT THE CENTER OF DEEPORBEEL,2023.0,LAKE,ASSAM,23.0,32.0,5.6,10.4,7.0,9.2,238,316.0,5.0,6.0,1.2,2.4,300.0,730.0,2.0,1600.0,2.0,240.0
3821.0,"DIPLAI BEEL AT SILGARA, KOKRAJHAR",2023.0,LAKE,ASSAM,21.0,34.0,5.2,5.6,7.0,7.6,118,136.0,1.9,2.5,0.8,2.0,300.0,360.0,720.0,1400.0,95.0,150.0
5619.0,DOLOO LAKE AT CACHAR,2023.0,LAKE,ASSAM,23.0,27.0,5.1,5.5,6.8,7.4,132,142.0,2.3,5.5,0.7,1.1,300.0,620.0,730.0,1500.0,95.0,290.0
1263.0,"ELANGABEEL SYSTEM (CONNECTED TO R. KOLONG), ASSAM",2023.0,LAKE,ASSAM,16.0,34.0,4.3,5.5,7.0,7.5,236,280.0,2.3,2.8,1.0,2.2,300.0,730.0,720.0,2000.0,95.0,240.0
5623.0,"HAFLONG LAKE, HAFLONG TOWN",2023.0,LAKE,ASSAM,17.0,24.0,5.1,5.8,6.8,7.2,129,192.0,2.2,2.6,0.8,1.0,300.0,360.0,620.0,1500.0,95.0,150.0
3787.0,"HOLLUNGA BEEL NEAR GAI NADI/ RIVER AT SOMARAJAN, DHEMA JI",2023.0,LAKE,ASSAM,22.0,24.0,4.5,7.8,6.9,7.3,96,148.0,2.0,2.6,0.6,2.0,300.0,620.0,600.0,1300.0,95.0,210.0
5617.0,"JUGIBEEL , GOLAGHAT",2023.0,LAKE,ASSAM,21.0,34.0,5.0,8.0,6.8,7.7,92,106.0,2.0,2.6,0.6,0.9,300.0,360.0,620.0,1500.0,95.0,150.0
4337.0,"KAMALABARI LAKE INSIDE KAMALABARI CHILDREN'S PARK, GELEKY",2023.0,LAKE,ASSAM,19.0,32.0,5.1,7.4,6.6,7.5,78,106.0,1.9,2.5,0.6,1.4,720.0,360.0,600.0,910.0,110.0,140.0
3812.0,"KAMALPUR BEEL, KAMALPUR",2023.0,LAKE,ASSAM,20.0,37.0,0.3,6.2,7.1,7.7,1007,1062.0,21.0,26.2,2.0,3.6,360.0,2100.0,1500.0,3600.0,210.0,490.0
5621.0,"LAUKHOWABEEL,DHUBRI",2023.0,LAKE,ASSAM,22.0,35.0,5.0,5.6,7.0,7.5,122,162.0,2.1,2.6,0.6,1.1,620.0,720.0,720.0,2000.0,95.0,210.0
3783.0,"MAGURI BEEL, GUIJAN, TINSUKIA",2023.0,LAKE,ASSAM,23.0,27.0,5.1,9.7,6.6,7.2,110,168.0,1.9,2.7,0.5,1.8,360.0,620.0,730.0,1500.0,95.0,210.0
5622.0,"MAGURI BEEL NEAR BRIDGE,TINSUKIA",2023.0,LAKE,ASSAM,22.0,26.0,5.0,9.5,6.7,8.0,120,162.0,1.8,2.7,0.6,1.2,300.0,360.0,610.0,1400.0,93.0,160.0
3800.0,MALINI BEEL NEAR INDUTRIAL AREA AT RAMNAGAR,2023.0,LAKE,ASSAM,22.0,24.0,4.0,5.5,6.5,7.3,132,172.0,2.1,2.7,0.8,1.7,300.0,600.0,910.0,1400.0,95.0,210.0
2205.0,"MER BEEL AT MADHABPUR, ASSAM",2023.0,LAKE,ASSAM,22.0,23.0,5.0,7.1,6.8,7.3,120,154.0,2.0,2.4,0.6,1.8,730.0,620.0,720.0,1500.0,95.0,210.0
5620.0,"PANIDIHING BIRD SANCTUARY ,SIVASAGAR",2023.0,LAKE,ASSAM,21.0,39.0,5.1,6.1,6.8,7.4,92,112.0,2.0,2.4,0.7,1.2,300.0,910.0,1100.0,2100.0,180.0,340.0
3808.0,PARASHALI BEEL AT DEMORIA,2023.0,LAKE,ASSAM,21.0,34.0,5.0,7.2,7.0,7.5,102,138.0,2.0,2.7,0.7,2.6,300.0,610.0,600.0,1400.0,95.0,210.0
3798.0,SAMAGURI BEEL IN NAGAON DISTRICT,2023.0,LAKE,ASSAM,16.0,34.0,4.9,5.9,6.8,7.3,90,120.0,2.0,2.5,0.6,1.7,300.0,620.0,910.0,1400.0,95.0,210.0
2215.0,"SARAN BEEL, ASSAM",2023.0,LAKE,ASSAM,18.0,36.0,5.3,9.3,6.8,8.0,84,128.0,1.8,2.5,0.4,1.6,300.0,360.0,620.0,1100.0,93.0,150.0
3814.0,"SILSAKO BEEL, CHACHAL, GUWAHATI",2023.0,LAKE,ASSAM,18.0,30.0,0.3,4.6,7.0,7.5,370,446.0,10.6,19.2,0.7,2.0,1500.0,2800.0,2700.0,3600.0,460.0,490.0
3804.0,SON BEEL WATER AT KARIMGANJ,2023.0,LAKE,ASSAM,20.0,24.0,4.5,6.9,6.8,7.3,112,136.0,2.0,2.8,0.7,1.2,300.0,620.0,910.0,1200.0,95.0,210.0
3819.0,"SORU SOLA BEEL, PALTAN BAZAR, GUWAHATI",2023.0,LAKE,ASSAM,19.0,30.0,0.3,1.1,7.0,7.5,370,440.0,14.6,25.8,0.7,5.6,2800.0,3600.0,4200.0,5300.0,460.0,490.0
2225.0,"BASKANDI POND INSIDE THE BASKANDI MADRASA, BASKANDI, ASSAM",2023.0,POND,ASSAM,19.0,23.0,4.1,5.6,6.8,7.3,90,126.0,2.0,2.9,0.7,1.1,620.0,620.0,910.0,1300.0,95.0,210.0
2214.0,"BATODRAWA SATRA POND, NAGAON, ASSAM",2023.0,POND,ASSAM,18.0,32.0,5.0,7.6,6.7,7.8,81,112.0,1.8,2.7,0.8,1.9,300.0,360.0,730.0,1200.0,95.0,240.0
2219.0,"BISHNU PUSKAR PUKHURI OF HAYAGRIB MADHAB TEMPLE, HAJO, ASSAM",2023.0,POND,ASSAM,22.0,34.0,6.1,10.9,6.8,7.8,174,262.0,2.0,2.6,0.5,1.8,300.0,730.0,720.0,2000.0,93.0,210.0
2208.0,"BORPUKHURI, NAZIRA, ASSAM",2023.0,POND,ASSAM,20.0,34.0,5.2,7.9,6.8,7.5,92,114.0,1.9,2.8,0.7,1.2,300.0,360.0,700.0,910.0,110.0,140.0
3772.0,BORPUKHURI AT SONARI,2023.0,POND,ASSAM,21.0,36.0,5.1,8.4,6.8,7.8,98,128.0,2.1,2.8,0.5,1.1,300.0,360.0,700.0,1100.0,110.0,140.0
2216.0,"DIGHALI PUKHURI, GUWAHATI, ASSAM",2023.0,POND,ASSAM,20.0,36.0,5.1,10.0,7.9,8.2,168,192.0,2.3,2.8,0.6,1.6,360.0,730.0,1400.0,1600.0,120.0,290.0
2221.0,"GANGA PUKHURI, NALBARI (GORDON SCHOOL), ASSAM",2023.0,POND,ASSAM,22.0,35.0,5.4,10.1,7.0,7.9,102,130.0,2.0,2.6,0.5,1.7,300.0,360.0,600.0,1400.0,95.0,160.0
2209.0,"GAURISAGAR TANK, GAURISAGAR, ASSAM",2023.0,POND,ASSAM,22.0,35.0,5.0,7.5,6.7,7.5,97,128.0,1.6,2.7,0.7,1.5,360.0,910.0,730.0,1500.0,110.0,340.0
2212.0,"GOPHUR TANK, GOPHUR, ASSAM",2023.0,POND,ASSAM,21.0,30.0,6.8,7.3,6.8,7.6,138,192.0,2.0,2.7,0.6,1.7,300.0,620.0,910.0,1200.0,95.0,210.0
2227.0,"HARDOI PUKHURI, CHARAIDEW, ASSAM",2023.0,POND,ASSAM,21.0,35.0,5.7,8.1,6.7,7.5,88,112.0,2.0,2.8,0.6,1.1,300.0,730.0,600.0,1500.0,110.0,280.0
2213.0,"JAIPAL PUKHURI, SIPAJHAR, ASSAM",2023.0,POND,ASSAM,20.0,34.0,7.0,7.3,6.8,7.5,136,178.0,2.0,2.5,0.9,1.7,300.0,920.0,730.0,1600.0,95.0,290.0
1532.0,"JAYSAGAR TANK, SIVASAGAR, ASSAM",2023.0,POND,ASSAM,20.0,32.0,5.1,7.6,6.9,7.6,102,122.0,1.8,2.6,0.6,1.0,300.0,360.0,600.0,910.0,110.0,140.0
3809.0,JORPUKHURI AT UZANBAZAR (UGRATALA TEMPLE),2023.0,POND,ASSAM,20.0,31.0,5.0,7.7,6.9,7.8,322,364.0,2.1,2.8,0.7,5.0,300.0,940.0,1400.0,2000.0,95.0,290.0
2223.0,"MAHAMAYA MANDIR PUKHURI, ASSAM",2023.0,POND,ASSAM,22.0,35.0,5.0,5.4,6.9,7.6,94,126.0,1.8,2.5,0.7,1.7,300.0,620.0,720.0,1600.0,95.0,210.0
4006.0,NETAI PUKHURI AT NETAI PUKHURI,2023.0,POND,ASSAM,22.0,35.0,5.6,7.6,6.7,7.4,90,120.0,2.1,2.6,0.6,1.1,300.0,360.0,720.0,730.0,100.0,140.0
2211.0,"PADUMPUKHURI, TEZPUR, ASSAM",2023.0,POND,ASSAM,20.0,34.0,6.8,7.2,6.9,7.6,186,240.0,2.2,2.7,0.6,1.6,300.0,730.0,600.0,1500.0,95.0,240.0
2222.0,"RAJADINIA PUKHURI AT ABHAYAPURI, ASSAM",2023.0,POND,ASSAM,23.0,38.0,5.1,5.4,6.9,7.5,132,156.0,2.0,2.5,0.7,2.0,300.0,620.0,910.0,1300.0,93.0,210.0
2224.0,"RAJAPUKHURI AT GAURIPUR, ASSAM",2023.0,POND,ASSAM,22.0,35.0,5.0,5.5,6.9,7.4,110,150.0,2.0,2.6,0.7,1.8,300.0,620.0,730.0,1400.0,95.0,240.0
2210.0,"RAJMAW PUKHURI, JORHAT, ASSAM",2023.0,POND,ASSAM,23.0,36.0,5.3,7.9,6.9,7.9,90,130.0,2.0,2.7,0.6,1.4,300.0,730.0,720.0,1100.0,110.0,270.0
3806.0,POND WATER FROM RAMKRISHNA MISSION AT HAILAKANDI,2023.0,POND,ASSAM,22.0,24.0,5.1,6.2,6.5,7.2,120,156.0,2.3,2.9,0.7,1.1,300.0,620.0,910.0,1400.0,95.0,210.0
2226.0,"SIVASAGAR TANK (BORPUKHURI) NEAR SIVADOL, ASSAM",2023.0,POND,ASSAM,21.0,34.0,5.2,7.9,6.8,7.6,70,120.0,2.0,2.8,0.6,1.3,300.0,360.0,730.0,1100.0,100.0,1100.0
2217.0,"SUBHAGYA KUNDA POND KAMAKHYA TEMPLE, GUWAHATI, ASSAM",2023.0,POND,ASSAM,20.0,32.0,5.0,8.5,6.8,7.6,240,278.0,2.2,2.8,0.6,1.8,300.0,910.0,1100.0,2000.0,95.0,290.0
3775.0,TENGA PUKHURI AT TENGAPUKHURI,2023.0,POND,ASSAM,21.0,35.0,5.2,8.1,6.6,7.7,96,112.0,1.9,2.5,0.7,1.0,300.0,730.0,730.0,1500.0,110.0,280.0
4334.0,"THOWRADOLE PUKHURI, THOWRADOLE G.P. DEMOW BLOCK",2023.0,POND,ASSAM,22.0,36.0,5.0,7.8,6.6,7.4,80,108.0,2.0,2.6,0.7,1.2,300.0,360.0,620.0,910.0,110.0,140.0
4349.0,"SEA WATER , BAY OF BENGAL, AFTER CONFLUENCE OF MARINE OUTFALL OF M/S. AUROBINDO PHARMA LTD. PYDIBHEEMAVARAM (V) RANASTHALAM (M)",2021.0,MARINE,ANDHRA PRADESH,21.0,34.0,5.0,8.0,7.2,8.1,25900,53500.0,1.6,2.4,0.4,1.7,4.0,7.0,64.0,95.0,13.0,210.0
4352.0,"SEA WAER BAY OF BENGAL, AFTER CONFLUENCE OF MARINE OUTFALL OF M/S MATRIX LABORATORIES LTD.THAMMAVAYAPALEM (V) PUSAPATIREGA (M)",2021.0,MARINE,ANDHRA PRADESH,25.0,32.0,5.3,8.5,7.4,8.1,34700,53500.0,1.6,2.5,0.3,1.8,4.0,7.0,64.0,95.0,13.0,210.0
4357.0,RUSHIKONDA BEACH,2021.0,BEACH,ANDHRA PRADESH,26.0,29.0,5.0,8.2,7.1,8.5,36800,53500.0,1.5,2.2,0.3,1.3,4.0,9.0,64.0,120.0,13.0,210.0
4361.0,"SEA WATER BAY BENGAL, UPPADA BEACH ROAD, KAKINADA",2021.0,BEACH,ANDHRA PRADESH,24.0,29.0,3.2,7.0,7.0,7.9,30600,53100.0,1.8,2.8,0.3,3.0,3.0,7.0,49.0,93.0,13.0,210.0
4362.0,"SEA WATER, BAY OF BENGAL NEAR DEEP WATER PORT, KAKINADA (1KM AWAY FROM JETTY)",2021.0,SEA,ANDHRA PRADESH,23.0,29.0,3.8,7.2,7.0,8.0,1120,50800.0,1.9,3.0,0.3,3.7,4.0,15.0,64.0,120.0,13.0,210.0
4363.0,"SEA WATER BAY OF BENGAL NEAR KUMBHABHISHEKAM TEMPALE, KAKINADA",2021.0,SEA,ANDHRA PRADESH,23.0,30.0,2.0,6.6,7.0,8.0,1020,46900.0,2.2,5.8,0.3,3.5,4.0,9.0,75.0,120.0,13.0,210.0
4371.0,"SEA WATER, BAY OF BENGAL AFTER CONFLUENCE OF RIVER VASHISTA GODAVARI AT CHINNAMAINAVANILANKA (V), NARSAPUR (M)",2021.0,MARINE,ANDHRA PRADESH,24.0,30.0,4.5,7.8,7.0,8.2,5030,51500.0,1.5,3.5,0.4,2.2,4.0,7.0,64.0,120.0,13.0,210.0
4378.0,"SEA WATER, BAY OF BENGAL, MANGINAPUDI BEACH, MACHILIPATNAM",2021.0,BEACH,ANDHRA PRADESH,25.0,30.0,3.4,5.3,7.0,7.8,35800,56900.0,2.0,2.8,0.8,1.3,3.0,3.0,43.0,120.0,13.0,210.0
4383.0,"SEA WATER BAY OF BENGAL, FISHING HARBOUR, NIZAMPATNAM",2021.0,MARINE,ANDHRA PRADESH,21.0,25.0,3.6,5.3,7.1,8.0,32900,55700.0,2.0,2.8,0.9,2.3,3.0,3.0,43.0,120.0,13.0,210.0
4385.0,"SEA WATER, BAY OF BENGAL, KOTHAPATNAM BEACH",2021.0,BEACH,ANDHRA PRADESH,22.0,25.0,3.6,5.9,7.1,8.0,34900,56200.0,2.2,2.8,0.8,1.4,3.0,3.0,23.0,93.0,13.0,210.0
4386.0,"SEA WATER, BAY OF BENGAL, VADAREVU BEACH, CHIRALA",2021.0,BEACH,ANDHRA PRADESH,22.0,25.0,3.5,5.7,6.8,8.0,35600,56400.0,2.4,2.8,0.8,1.6,3.0,3.0,23.0,120.0,13.0,210.0
4387.0,"SEA WATER, BAY OF BENGAL, KRISHNAPATNAM PORT",2021.0,MARINE,ANDHRA PRADESH,18.0,23.0,3.7,5.6,7.1,8.0,34900,55700.0,2.4,2.8,1.0,1.3,3.0,3.0,23.0,120.0,13.0,210.0
2267.0,"CREEK AT DANDO MOLLO, VELSAO, MAMUGAO",2021.0,CREEK,GOA,25.0,32.0,4.2,8.0,6.6,7.7,311,51530.0,1.8,2.4,0.3,3.8,230.0,2300.0,1100.0,4900.0,13.0,210.0
4013.0,TIRACOL BEACH,2021.0,BEACH,GOA,27.0,31.0,6.4,7.7,7.6,8.2,26000,61900.0,1.8,1.9,0.3,0.5,13.0,240.0,49.0,920.0,13.0,210.0
4014.0,MIRAMAR BEACH,2021.0,BEACH,GOA,27.0,29.0,6.0,7.5,7.0,8.0,18900,57680.0,1.8,2.0,0.3,0.8,23.0,240.0,33.0,350.0,13.0,210.0
4015.0,CALANGUTE BEACH,2021.0,BEACH,GOA,27.0,30.0,6.1,7.0,6.5,7.9,31300,61250.0,1.1,1.9,0.3,0.3,22.0,220.0,130.0,280.0,13.0,210.0
4016.0,MORJIM BEACH,2021.0,BEACH,GOA,28.0,31.0,6.0,7.7,7.7,8.3,25800,58830.0,1.8,1.9,0.3,2.4,13.0,350.0,23.0,920.0,13.0,210.0
4017.0,MOBOR BEACH,2021.0,BEACH,GOA,27.0,32.0,5.8,7.1,6.7,7.8,26000,57880.0,1.8,1.9,0.3,0.8,22.0,240.0,33.0,540.0,13.0,210.0
2354.0,"SAMARLA KOTA CANAL, KAKINADA, EAST GODAVARI",2021.0,CANAL,ANDHRA PRADESH,22.0,29.0,2.8,6.0,6.8,8.6,220,518.0,2.0,3.8,0.7,2.3,11.0,21.0,120.0,210.0,13.0,210.0
2355.0,"TULJE BAGH CANAL, TEKRI DRAIN, KAKINADA, EAST GODAVARI",2021.0,CANAL,ANDHRA PRADESH,24.0,30.0,1.8,6.5,6.6,8.0,725,25200.0,3.8,5.2,0.8,3.9,21.0,28.0,210.0,460.0,13.0,210.0
3051.0,"BUDAMERU CANAL NR BDG AT NH-5, KESARAPALLY, KRISHNA",2021.0,CANAL,ANDHRA PRADESH,24.0,26.0,5.4,6.6,7.2,7.9,1070,1730.0,3.2,6.0,1.4,3.1,3.0,3.0,460.0,470.0,13.0,210.0
4356.0,ELERU CANAL NEAR PHARMA CITY,2021.0,CANAL,ANDHRA PRADESH,25.0,29.0,5.5,8.0,6.7,7.9,198,390.0,1.4,2.2,0.3,1.6,7.0,9.0,93.0,120.0,13.0,210.0
4370.0,"KRISHNA CANAL AT HANUMAN NAGAR, NEAR SAIBABA TEMPLE, ELIRU",2021.0,CANAL,ANDHRA PRADESH,22.0,28.0,2.3,6.5,7.1,7.7,389,968.0,1.6,4.2,0.8,2.0,11.0,21.0,150.0,240.0,13.0,210.0
4374.0,"GOSTTA NADI- VELPURU CANAL AT HANUMAN TEMPLE, DOWNSTREAM OF TANUKU TOWN, ATTILI (M)",2021.0,CANAL,ANDHRA PRADESH,23.0,27.0,2.2,8.5,7.0,8.1,250,1120.0,1.3,3.8,0.8,2.3,9.0,154.0,120.0,240.0,13.0,210.0
2057.0,"AGRA CANAL, MADANPUR KHADAR, DELHI",2021.0,CANAL,DELHI,17.0,27.0,5.3,1.4,7.1,7.8,1015,1731.0,26.0,77.0,0.6,1.1,49000.0,14000000.0,790000.0,14000000.0,13.0,210.0
2265.0,"CANAL UP STREAM OF CUNCOLIM INDL.EST. CUNCOLIM, SALCETE (1 KM FROM M/S NICOMENT INDUSTRIES)",2021.0,CANAL,GOA,27.0,31.0,5.0,8.1,6.1,7.9,60,410.0,1.8,2.8,0.3,1.6,790.0,2300.0,1300.0,3300.0,13.0,210.0
2266.0,"CANAL DOWNSTREAM OF CUNCOLIM INDL.EST. CUNCOLIM, SALCETE (NEAR RAILWAY BRIDGE)",2021.0,CANAL,GOA,27.0,31.0,4.5,8.0,6.4,7.8,52,406.0,1.8,2.1,0.3,1.5,1300.0,3300.0,1700.0,4900.0,13.0,210.0
2268.0,CUMBARJUA CANAL CORLIM(DISCHARGE POINT OF SYNGENTA LIMITED),2021.0,CANAL,GOA,27.0,31.0,4.2,8.1,6.1,7.7,118,46570.0,1.2,2.0,0.3,0.6,780.0,2200.0,1300.0,4900.0,13.0,210.0
2073.0,"NARMADA MAIN CANAL, NR. VILLAGE. LIMBADIA, DIST. GANDHINAGAR.",2021.0,CANAL,GUJARAT,26.0,30.0,4.6,7.3,7.6,8.1,BDL,322.0,1.8,1.1,0.42,2.1,21.5,4.0,6.0,47.0,13.0,210.0
2074.0,"TAPI CANAL AT VILLAGE UMARWADA, NEAR GIDC ESTATE OF PANOLI.",2021.0,CANAL,GUJARAT,25.0,37.0,6.6,8.9,7.8,8.5,317,808.0,1.8,2.6,0.42,0.5,2.0,49.0,20.0,170.0,13.0,210.0
4421.0,"FROM NARMADA MAIN CANAL AT INDORAHMEDABAD HIGHWAY BRIDGE NEAR VILLAGE MOTIKANTADI TAL, GODHRA, DIST PANCHMAHAL",2021.0,CANAL,GUJARAT,21.0,29.0,6.8,8.3,7.0,8.4,291,563.0,1.8,2.6,0.3,0.3,21.5,7.8,21.0,70.0,13.0,210.0
1013.0,RIVER SUTLEJ AT U/S TATAPANI,2021.0,RIVER,HIMACHAL PRADESH,8.5,15.0,8.5,9.0,7.3,8.2,1229,3096.0,1.0,1.0,0.32,1.34,350.0,920.0,2.0,12.0,13.0,210.0
4446.0,RIVER SUTLEJ U/S LANDFILL SITE RAMPUR,2021.0,RIVER,HIMACHAL PRADESH,8.6,14.5,8.6,9.4,7.5,8.5,1149,3721.0,1.0,1.0,0.32,1.92,1600.0,350.0,2.0,94.0,13.0,210.0
4447.0,RIVER STLUJ D/S LANDFILL SITE RAMPUR,2021.0,RIVER,HIMACHAL PRADESH,8.4,14.5,8.4,9.4,7.2,8.4,168,2735.0,1.0,1.0,0.32,1.92,1600.0,1600.0,2.0,110.0,13.0,210.0
4032.0,RIVER SUTLEJ U/S KHAIRIAN SOLID WASTE DUMPING SITE BILASPUR,2021.0,RIVER,HIMACHAL PRADESH,8.3,23.0,8.3,9.8,7.1,8.3,173,308.0,1.0,1.0,0.32,1.78,210.0,140.0,2.0,2.0,13.0,210.0
4033.0,RIVER SUTLEJ D/S KHAIRIAN SOLID WASTE DUMPING SITE BILASPUR,2021.0,RIVER,HIMACHAL PRADESH,8.2,23.0,8.2,9.7,7.1,8.2,178,284.0,1.0,1.0,0.32,1.42,540.0,150.0,2.0,2.0,13.0,210.0
4450.0,RIVER SUTLEJ U/S CONFLUENCE WITH GANVI KHAND,2021.0,RIVER,HIMACHAL PRADESH,8.9,14.0,8.9,9.5,7.4,8.3,960,3837.0,1.0,1.0,0.32,2.12,1600.0,49.0,2.0,2.0,13.0,210.0
4451.0,RIVER SUTLEJ D/S CONFLUENCE WITH GANVI KHAND,2021.0,RIVER,HIMACHAL PRADESH,8.9,14.0,8.9,9.5,7.1,8.2,978,3829.0,1.0,1.0,0.32,2.52,1600.0,220.0,2.0,5.0,13.0,210.0
30009.0,RIVER SUTLEJ AT NANGAL (H.P.),2021.0,RIVER,HIMACHAL PRADESH,9.0,25.0,9.0,9.6,7.1,7.7,207,293.0,2.0,2.0,0.32,0.72,20000.0,490.0,8.0,330.0,13.0,210.0
1014.0,RIVER SUTLEJ AT U/S SLAPPER,2021.0,RIVER,HIMACHAL PRADESH,8.2,21.0,8.2,9.7,7.3,8.1,110,287.0,1.0,1.0,0.32,0.77,79.0,170.0,2.0,2.0,13.0,210.0
1015.0,RIVER SUTLEJ AT D/S SLAPPER,2021.0,RIVER,HIMACHAL PRADESH,8.5,21.0,8.5,9.6,7.2,8.0,111,262.0,1.0,1.0,0.32,1.12,140.0,210.0,2.0,2.0,13.0,210.0
1016.0,RIVER SUTLEJ AT D/S BHAKHRA,2021.0,RIVER,HIMACHAL PRADESH,8.2,26.0,8.2,9.4,7.0,7.9,185,261.0,1.0,1.0,0.3,5.1,2.0,22.0,2.0,2.0,13.0,210.0
30010.0,RIVER SUTLEJ AT NOORPUR BEDI ROAD (PUNJAB),2021.0,RIVER,PUNJAB,8.9,26.0,8.9,10.2,7.1,7.7,218,299.0,2.0,2.0,0.32,0.72,54000.0,1400.0,11.0,540.0,13.0,210.0
1814.0,"RIVER SUTLEJ AT D/S KIRATPUR SAHIB, PUNJAB",2021.0,RIVER,PUNJAB,7.3,22.0,7.3,10.1,7.5,8.6,198,281.0,1.0,1.0,1.2,1.8,330.0,310.0,75.0,910.0,13.0,210.0
3052.0,"GUNTATHIPPA DRAIN B/C WITH RIVES CANAL AT RAMAVARAPPADU, VIJAYAWADA TOWN",2023.0,DRAIN,ANDHRA PRADESH,22.0,25.0,0.3,1.8,6.9,7.9,1548,2280.0,17.8,37.0,5.5,8.8,440.0,470.0,2300.0,5200.0,21.0,210.0
3053.0,"TULIA BAGH DRAIN AT MATLAPALEM (V), VEMULAVADA (M)",2023.0,DRAIN,ANDHRA PRADESH,24.0,26.0,4.9,6.9,6.7,7.6,525,24500.0,2.4,3.6,0.8,3.3,3.0,20.0,75.0,460.0,4.0,210.0
4861.0,"NEAR HUDA/ HSVP WATER WORKS, BASAI, GURUGRAM",2023.0,WATER TREATMENT PLANT (RAW WATER),HARYANA,22.0,30.0,7.0,7.7,7.0,7.8,1010,1210.0,1.0,1.0,0.3,0.3,80.0,160.0,1900.0,2900.0,2.0,210.0
3047.0,WATER WORKS- GURGAON,2023.0,WATER TREATMENT PLANT (RAW WATER),HARYANA,26.0,32.0,7.0,7.3,7.2,8.0,1120,1640.0,1.0,1.0,0.3,0.3,110.0,310.0,2700.0,5100.0,2.0,210.0
4464.0,ALHI KHAD NEAR INTAKE WSS AT VILL. NOG,2023.0,DRAIN,HIMACHAL PRADESH,12.0,29.0,8.2,9.3,6.9,8.2,286,470.0,1.0,1.0,0.3,2.6,22.0,84.0,130.0,540.0,2.0,210.0
3868.0,BARAGRAM NALLAH BEFORE CONFLUENCE TO RIVER BEAS,2023.0,DRAIN,HIMACHAL PRADESH,1.0,13.0,7.5,8.9,6.8,8.0,50,106.0,1.0,1.0,0.3,0.7,21.0,58.0,58.0,280.0,2.0,210.0
3881.0,"BHATIAN NALLAH D/S SARA TEXTILE, NALAGARH",2023.0,DRAIN,HIMACHAL PRADESH,12.0,28.0,3.9,6.1,7.6,8.0,678,5130.0,1.0,20.0,1.2,10.9,2.0,1600.0,26.0,1600.0,2.0,210.0
3879.0,"BHATIAN NALLAH U/S BHATIAN VILLAGE, NEAR TVS INDUSTRY, NALAGARH",2023.0,DRAIN,HIMACHAL PRADESH,11.0,26.0,0.3,6.2,7.1,8.1,670,7530.0,1.2,90.0,0.6,7.2,7.0,1600.0,130.0,1600.0,2.0,210.0
4425.0,RAW WATER FOR LWSS OF CHURAT NALLAH,2023.0,DRAIN,HIMACHAL PRADESH,8.0,15.0,7.8,9.2,7.5,8.3,102,231.0,1.0,1.0,0.3,4.0,7.0,70.0,26.0,1600.0,2.0,210.0
4463.0,DHANESHAR NALLAH (U/S SAINJ WATER SUPPLY SCHEME) NEAR GYASI MATA MANDIR,2023.0,DRAIN,HIMACHAL PRADESH,9.0,19.0,7.1,8.2,7.9,8.4,114,766.0,1.0,1.0,0.3,2.2,9.0,39.0,20.0,1600.0,2.0,210.0
4474.0,HALOG NALLAH NEAR HALOG WATER SUPPLY SCHEME,2023.0,DRAIN,HIMACHAL PRADESH,8.0,13.0,9.4,9.6,7.6,8.3,97,347.0,1.0,1.0,0.4,1.4,2.0,170.0,7.0,1600.0,2.0,210.0
4481.0,HATHLI NALLAH LIFT WATER SUPPLY SCHEME FOR MUNICIPAL COUNCIL HAMIRPUR,2023.0,DRAIN,HIMACHAL PRADESH,19.0,28.0,7.6,8.5,6.6,7.9,278,680.0,1.0,2.3,0.3,8.5,2.0,6.0,21.0,47.0,2.0,210.0
5253.0,"HURLA NALLA D/S HURLA BRIDGE, VPO HURLA, TEHSIL BHUNTER, DIS. KULLU",2023.0,DRAIN,HIMACHAL PRADESH,5.0,18.0,7.3,8.3,7.1,8.5,60,155.0,1.0,1.0,0.3,0.7,31.0,94.0,140.0,540.0,2.0,210.0
4426.0,RAW WATER FOR LWSS OF JAGROTI NALLAH,2023.0,DRAIN,HIMACHAL PRADESH,8.0,14.0,7.6,9.3,7.6,8.3,92,156.0,1.0,1.0,0.3,1.0,2.0,130.0,2.0,1600.0,2.0,210.0
4454.0,JARANGLA NALLAH U/S WATER SUPPLY SCHEME,2023.0,DRAIN,HIMACHAL PRADESH,8.0,15.0,8.8,9.4,7.5,8.3,110,485.0,1.0,1.0,0.4,5.3,2.0,20.0,23.0,3500.0,2.0,210.0
4466.0,JARANGLA NALLAH D/S WATER SUPPLY SCHEME,2023.0,DRAIN,HIMACHAL PRADESH,8.0,15.0,8.8,9.4,7.5,8.4,112,524.0,1.0,1.0,0.4,4.2,2.0,20.0,33.0,3500.0,2.0,210.0
5257.0,"KALAM NALLA D/S OF MSW PROCESSING SITE AT CHOWRI, DIST. CHAMBA",2023.0,DRAIN,HIMACHAL PRADESH,10.0,16.0,8.5,9.1,7.0,8.1,125,282.0,1.0,1.0,0.5,2.0,2.0,22.0,47.0,1600.0,2.0,210.0
4477.0,KHALADA NALLAH NEAR WATER SUPPLY SCHEME FOR KULLU TOWN,2023.0,DRAIN,HIMACHAL PRADESH,2.0,18.0,7.8,8.8,7.2,8.0,67,230.0,1.0,1.0,0.3,2.9,32.0,110.0,140.0,920.0,2.0,210.0
4455.0,KLUIN NALLAH U/S WATER SUPPLY SCHEME,2023.0,DRAIN,HIMACHAL PRADESH,8.0,13.0,9.0,9.5,7.0,8.2,77,496.0,1.0,1.0,0.3,1.7,2.0,40.0,94.0,3500.0,2.0,210.0
4482.0,LIFT WATER SUPPLY SCHEME (PANJARAR) AND BHOTA ROPARI & UJHAN,2023.0,DRAIN,HIMACHAL PRADESH,19.0,28.0,7.5,8.5,6.5,8.1,312,689.0,1.0,2.1,0.3,1.6,2.0,4.0,17.0,70.0,2.0,210.0
4036.0,"KUNNI PUL, VILL SAMAHU, PO KUNIHAR, TEHSIL ARKI",2023.0,DRAIN,HIMACHAL PRADESH,10.0,15.0,7.4,7.8,7.9,8.4,231,3640.0,1.0,1.8,1.2,5.3,2.0,12.0,21.0,350.0,2.0,210.0
4430.0,LIFT NALLAH BEFORE CONFLUENCE TO ASHWANI KHAD NEAR DOGRHA BRIDGE,2023.0,DRAIN,HIMACHAL PRADESH,9.0,23.0,6.4,8.1,5.9,8.3,83,828.0,1.5,12.0,0.3,6.9,17.0,350.0,540.0,1600.0,7.0,210.0
4475.0,"MACHADA NALLAH, MAJHOUTI WATER SUPPLY SCHEME NEAR NIRATH",2023.0,DRAIN,HIMACHAL PRADESH,8.0,13.0,9.3,9.7,7.5,8.3,116,359.0,1.0,1.0,0.3,2.3,7.0,170.0,21.0,1600.0,2.0,210.0
4476.0,MANALSU NALLAH NEAR WATER SUPPLY SCHEME FOR MANALI TOWN,2023.0,DRAIN,HIMACHAL PRADESH,3.0,12.0,8.0,9.2,6.6,8.5,33,76.0,1.0,1.0,0.3,0.7,26.0,140.0,84.0,540.0,2.0,210.0
4034.0,SAHU NALLAH U/S BHURI SINGH SHEP,2023.0,DRAIN,HIMACHAL PRADESH,8.0,15.0,8.8,9.7,7.6,8.2,130,286.0,1.0,1.0,0.5,3.1,2.0,68.0,94.0,5400.0,2.0,210.0
4035.0,SAHU NALLAH D/S BHURI SINGH SHEP,2023.0,DRAIN,HIMACHAL PRADESH,8.0,14.0,8.5,9.7,7.5,8.2,129,292.0,1.0,1.0,0.6,2.6,2.0,93.0,63.0,9200.0,2.0,210.0
4462.0,SAINJ NALLAH (U/S SAINJ WATER SUPPLY SCHEME AT DARGI),2023.0,DRAIN,HIMACHAL PRADESH,9.0,19.0,7.0,8.2,7.6,8.4,104,682.0,1.0,1.0,0.3,2.6,5.0,34.0,26.0,1600.0,2.0,210.0
3867.0,SARVARI NALLAH BEFORE CONFLUENCE TO RIVER BEAS,2023.0,DRAIN,HIMACHAL PRADESH,3.0,18.0,7.6,8.5,7.2,7.9,110,218.0,1.0,1.0,0.3,1.6,22.0,150.0,79.0,540.0,2.0,210.0
1870.0,"SUKHANA NALLAH AT PARWANOO NEAR KALKA BARRIER, EXIT POINT OF H. P.",2023.0,DRAIN,HIMACHAL PRADESH,8.0,11.0,4.3,8.7,7.4,8.3,253,1284.0,1.0,26.0,0.5,15.7,2.0,1600.0,21.0,1600.0,2.0,210.0
3875.0,SURAJMUKHI NALLAH U/S WSS GALAYANA D/S OF SHOOLINI UNIVERSITY,2023.0,DRAIN,HIMACHAL PRADESH,7.0,9.0,7.2,8.8,7.7,8.3,223,853.0,1.0,7.5,2.8,10.4,2.0,33.0,24.0,540.0,2.0,210.0
4480.0,SURAJMUKHI NALLAH D/S STP AT U/S OF SHOOLINI UNIVERSITY SAMTI SOLAN,2023.0,DRAIN,HIMACHAL PRADESH,6.0,8.0,6.8,8.5,7.7,8.3,221,824.0,1.0,2.6,1.9,8.8,2.0,24.0,26.0,350.0,2.0,210.0
2789.0,"NALA AT D/S OF AKLAI MANDIR, VILLAGE- AKLAI, TALUKA- MALSHIRAS, DISTRICT- SOLAPUR.",2023.0,DRAIN,MAHARASHTRA,26.0,36.0,4.4,5.2,7.2,8.1,1245,1750.0,7.2,13.0,0.3,2.4,20.0,150.0,150.0,900.0,7.0,210.0
2178.0,"CHIKHALI NALA MEETS GODAVARI RIVER, VILLAGE- CHIKHALI, TALUKA- NASHIK, DISTRICT- NASHIK.",2023.0,DRAIN,MAHARASHTRA,20.0,29.0,0.3,6.0,7.4,8.0,762,1066.0,3.0,18.0,0.7,4.9,4.0,170.0,45.0,180.0,2.0,210.0
2790.0,"PIMPAL-PANERI NALA AT RATNAGIRI NEAR FINOLEX INDUSTRIES, VILLAGE- YAHGANIGAON, TALUKA- RATNAGIRI, DISTRICT- RATNAGIRI.",2023.0,DRAIN,MAHARASHTRA,26.0,31.0,7.0,7.9,6.0,7.2,245,5476.0,1.8,3.0,0.3,1.7,6.0,11.0,21.0,43.0,2.0,210.0
3923.0,GURADIH NALLAH AT PANPOSH,2023.0,DRAIN,ODISHA,23.0,31.0,1.2,6.8,6.9,7.7,328,717.0,4.3,8.0,0.3,9.7,3300.0,54000.0,7900.0,160000.0,13.0,210.0
20046.0,MADURAI,2023.0,STP,TAMIL NADU,25.0,39.0,0.3,6.0,6.7,7.9,1357,1563.0,4.0,18.0,0.3,1.0,2.0,11000.0,2.0,22000.0,2.0,210.0
3054.0,"RIVER GODAVARI - OUTLET OF ASH POND EFFLUENTS OF M/S.NTPC, RAMAGUNDAM",2023.0,DRAIN,TELANGANA,25.0,29.0,1.6,6.0,8.5,11.2,599,1043.0,1.0,5.4,0.9,3.8,2.0,17.0,17.0,280.0,2.0,210.0
4665.0,"RIVER MANERU (TRIBUTARY OF GODAVARI) - OUTLET OF KTPP ASH POND JOINING TO MORANCHA VAGU, CHELPUR (V), GHANPUR (MULUGU) (M), , JAYASHANKAR BHUPALAPALLI DISTRICT",2023.0,DRAIN,TELANGANA,25.0,28.0,2.8,6.1,7.5,8.8,522,856.0,1.8,3.2,0.4,17.0,2.0,2.0,26.0,58.0,2.0,210.0
3055.0,"AMBERPET STP (339 MLD) - OUTLET , AMBERPET (V&M), HYDERABAD",2023.0,STP,TELANGANA,25.0,31.0,0.9,4.6,6.9,8.2,1322,1659.0,4.4,30.0,4.2,8.0,4.0,46.0,220.0,920.0,2.0,210.0
3050.0,WATER WORKS- GHAZIABAD,2023.0,WATER TREATMENT PLANT (RAW WATER),UTTAR PRADESH,18.0,26.0,0.3,11.0,7.1,7.5,160,201.0,1.0,1.0,0.3,0.3,2.0,2.0,2.0,2.0,2.0,210.0
